plan_type,region,cohort_month,week_number,retention_pct
ad_supported,CA,2024-01-01,0.000000000000000000000000,1.43
premium,US,2024-01-01,0.000000000000000000000000,1.77
ad_supported,US,2024-01-01,0.000000000000000000000000,1.49
basic,AU,2024-01-01,0.000000000000000000000000,1.82
premium,AU,2024-01-01,0.000000000000000000000000,1.68
premium,IN,2024-01-01,0.000000000000000000000000,1.50
basic,GB,2024-01-01,0.000000000000000000000000,1.26
ad_supported,AU,2024-01-01,0.000000000000000000000000,1.35
basic,IN,2024-01-01,0.000000000000000000000000,1.86
premium,CA,2024-01-01,0.000000000000000000000000,0.77
basic,CA,2024-01-01,0.000000000000000000000000,1.14
ad_supported,GB,2024-01-01,0.000000000000000000000000,0.47
premium,GB,2024-01-01,0.000000000000000000000000,1.35
ad_supported,IN,2024-01-01,0.000000000000000000000000,1.04
basic,US,2024-01-01,0.000000000000000000000000,1.07
ad_supported,GB,2024-01-01,1.00000000000000000000,9.45
premium,CA,2024-01-01,1.00000000000000000000,11.97
premium,US,2024-01-01,1.00000000000000000000,12.18
ad_supported,US,2024-01-01,1.00000000000000000000,9.09
ad_supported,CA,2024-01-01,1.00000000000000000000,9.60
basic,AU,2024-01-01,1.00000000000000000000,9.24
premium,IN,2024-01-01,1.00000000000000000000,10.52
basic,CA,2024-01-01,1.00000000000000000000,9.97
basic,US,2024-01-01,1.00000000000000000000,11.72
basic,IN,2024-01-01,1.00000000000000000000,10.34
basic,GB,2024-01-01,1.00000000000000000000,10.61
premium,AU,2024-01-01,1.00000000000000000000,7.58
ad_supported,AU,2024-01-01,1.00000000000000000000,9.73
ad_supported,IN,2024-01-01,1.00000000000000000000,8.62
premium,GB,2024-01-01,1.00000000000000000000,9.48
basic,GB,2024-01-01,2.0000000000000000,10.98
basic,IN,2024-01-01,2.0000000000000000,9.15
premium,AU,2024-01-01,2.0000000000000000,8.00
basic,CA,2024-01-01,2.0000000000000000,9.22
ad_supported,GB,2024-01-01,2.0000000000000000,8.98
premium,IN,2024-01-01,2.0000000000000000,11.16
ad_supported,US,2024-01-01,2.0000000000000000,8.94
premium,CA,2024-01-01,2.0000000000000000,11.39
ad_supported,AU,2024-01-01,2.0000000000000000,9.13
basic,US,2024-01-01,2.0000000000000000,12.78
premium,GB,2024-01-01,2.0000000000000000,10.06
ad_supported,IN,2024-01-01,2.0000000000000000,8.02
ad_supported,CA,2024-01-01,2.0000000000000000,9.74
premium,US,2024-01-01,2.0000000000000000,11.59
basic,AU,2024-01-01,2.0000000000000000,9.24
premium,IN,2024-01-01,3.0000000000000000,9.66
ad_supported,US,2024-01-01,3.0000000000000000,7.30
premium,CA,2024-01-01,3.0000000000000000,11.78
basic,GB,2024-01-01,3.0000000000000000,9.72
basic,IN,2024-01-01,3.0000000000000000,9.15
premium,AU,2024-01-01,3.0000000000000000,8.21
basic,AU,2024-01-01,3.0000000000000000,9.38
premium,US,2024-01-01,3.0000000000000000,11.00
ad_supported,CA,2024-01-01,3.0000000000000000,7.45
ad_supported,IN,2024-01-01,3.0000000000000000,6.69
premium,GB,2024-01-01,3.0000000000000000,10.06
ad_supported,AU,2024-01-01,3.0000000000000000,7.19
basic,US,2024-01-01,3.0000000000000000,12.12
ad_supported,GB,2024-01-01,3.0000000000000000,7.56
basic,CA,2024-01-01,3.0000000000000000,9.34
basic,US,2024-01-01,4.0000000000000000,11.32
premium,CA,2024-01-01,4.0000000000000000,11.20
ad_supported,GB,2024-01-01,4.0000000000000000,7.09
premium,IN,2024-01-01,4.0000000000000000,9.44
basic,GB,2024-01-01,4.0000000000000000,9.09
premium,US,2024-01-01,4.0000000000000000,12.18
basic,AU,2024-01-01,4.0000000000000000,7.81
ad_supported,AU,2024-01-01,4.0000000000000000,7.63
premium,AU,2024-01-01,4.0000000000000000,8.00
ad_supported,US,2024-01-01,4.0000000000000000,7.45
ad_supported,CA,2024-01-01,4.0000000000000000,6.73
ad_supported,IN,2024-01-01,4.0000000000000000,6.98
basic,CA,2024-01-01,4.0000000000000000,7.20
basic,IN,2024-01-01,4.0000000000000000,7.69
premium,GB,2024-01-01,4.0000000000000000,9.09
ad_supported,CA,2024-01-01,5.0000000000000000,6.73
basic,IN,2024-01-01,5.0000000000000000,7.96
basic,US,2024-01-01,5.0000000000000000,10.25
ad_supported,AU,2024-01-01,5.0000000000000000,8.23
premium,CA,2024-01-01,5.0000000000000000,9.65
basic,GB,2024-01-01,5.0000000000000000,8.71
ad_supported,IN,2024-01-01,5.0000000000000000,5.94
basic,CA,2024-01-01,5.0000000000000000,7.58
premium,IN,2024-01-01,5.0000000000000000,8.58
basic,AU,2024-01-01,5.0000000000000000,6.90
premium,GB,2024-01-01,5.0000000000000000,8.51
premium,AU,2024-01-01,5.0000000000000000,7.58
ad_supported,US,2024-01-01,5.0000000000000000,5.81
premium,US,2024-01-01,5.0000000000000000,11.20
ad_supported,GB,2024-01-01,5.0000000000000000,5.83
premium,GB,2024-01-01,6.0000000000000000,8.70
premium,US,2024-01-01,6.0000000000000000,10.81
ad_supported,AU,2024-01-01,6.0000000000000000,6.59
premium,AU,2024-01-01,6.0000000000000000,7.37
basic,CA,2024-01-01,6.0000000000000000,6.31
ad_supported,CA,2024-01-01,6.0000000000000000,6.59
basic,AU,2024-01-01,6.0000000000000000,6.25
basic,GB,2024-01-01,6.0000000000000000,7.95
basic,IN,2024-01-01,6.0000000000000000,7.56
basic,US,2024-01-01,6.0000000000000000,10.52
premium,IN,2024-01-01,6.0000000000000000,8.37
premium,CA,2024-01-01,6.0000000000000000,9.07
ad_supported,GB,2024-01-01,6.0000000000000000,6.77
ad_supported,IN,2024-01-01,6.0000000000000000,7.28
ad_supported,US,2024-01-01,6.0000000000000000,7.00
basic,AU,2024-01-01,6.9940476190476190,1.69
premium,IN,2024-01-01,6.9940476190476190,2.36
premium,US,2024-01-01,6.9940476190476190,1.96
ad_supported,US,2024-01-01,6.9940476190476190,1.49
basic,CA,2024-01-01,6.9940476190476190,2.27
ad_supported,IN,2024-01-01,6.9940476190476190,1.19
ad_supported,GB,2024-01-01,6.9940476190476190,0.94
basic,US,2024-01-01,6.9940476190476190,2.40
basic,IN,2024-01-01,6.9940476190476190,1.59
premium,AU,2024-01-01,6.9940476190476190,2.11
ad_supported,CA,2024-01-01,6.9940476190476190,0.72
premium,GB,2024-01-01,6.9940476190476190,1.55
basic,GB,2024-01-01,6.9940476190476190,1.64
ad_supported,AU,2024-01-01,6.9940476190476190,0.75
premium,CA,2024-01-01,6.9940476190476190,1.35
premium,IN,2024-01-01,7.0000000000000000,6.01
basic,AU,2024-01-01,7.0000000000000000,3.91
ad_supported,IN,2024-01-01,7.0000000000000000,4.75
premium,US,2024-01-01,7.0000000000000000,7.66
basic,GB,2024-01-01,7.0000000000000000,5.43
ad_supported,US,2024-01-01,7.0000000000000000,4.47
ad_supported,CA,2024-01-01,7.0000000000000000,5.87
ad_supported,AU,2024-01-01,7.0000000000000000,4.34
premium,AU,2024-01-01,7.0000000000000000,4.00
premium,CA,2024-01-01,7.0000000000000000,5.60
premium,GB,2024-01-01,7.0000000000000000,5.80
basic,US,2024-01-01,7.0000000000000000,5.59
ad_supported,GB,2024-01-01,7.0000000000000000,5.20
basic,CA,2024-01-01,7.0000000000000000,4.42
basic,IN,2024-01-01,7.0000000000000000,4.64
basic,AU,2024-01-01,7.9940476190476190,2.99
ad_supported,GB,2024-01-01,7.9940476190476190,2.68
basic,US,2024-01-01,7.9940476190476190,4.53
premium,GB,2024-01-01,7.9940476190476190,4.26
premium,CA,2024-01-01,7.9940476190476190,2.70
premium,AU,2024-01-01,7.9940476190476190,3.37
premium,IN,2024-01-01,7.9940476190476190,5.15
ad_supported,AU,2024-01-01,7.9940476190476190,2.25
basic,IN,2024-01-01,7.9940476190476190,2.79
ad_supported,CA,2024-01-01,7.9940476190476190,2.72
basic,GB,2024-01-01,7.9940476190476190,4.04
premium,US,2024-01-01,7.9940476190476190,5.11
ad_supported,IN,2024-01-01,7.9940476190476190,2.38
ad_supported,US,2024-01-01,7.9940476190476190,3.43
basic,CA,2024-01-01,7.9940476190476190,3.91
ad_supported,GB,2024-01-01,8.0000000000000000,2.20
ad_supported,AU,2024-01-01,8.0000000000000000,2.84
basic,GB,2024-01-01,8.0000000000000000,2.40
basic,IN,2024-01-01,8.0000000000000000,1.59
premium,US,2024-01-01,8.0000000000000000,4.52
ad_supported,CA,2024-01-01,8.0000000000000000,2.29
basic,CA,2024-01-01,8.0000000000000000,2.15
premium,IN,2024-01-01,8.0000000000000000,3.43
basic,US,2024-01-01,8.0000000000000000,4.26
premium,GB,2024-01-01,8.0000000000000000,4.06
ad_supported,IN,2024-01-01,8.0000000000000000,2.38
basic,AU,2024-01-01,8.0000000000000000,3.13
premium,AU,2024-01-01,8.0000000000000000,2.32
premium,CA,2024-01-01,8.0000000000000000,4.25
ad_supported,US,2024-01-01,8.0000000000000000,1.19
ad_supported,AU,2024-01-01,8.9940476190476190,3.74
ad_supported,GB,2024-01-01,8.9940476190476190,3.31
ad_supported,CA,2024-01-01,8.9940476190476190,3.30
basic,US,2024-01-01,8.9940476190476190,5.46
premium,GB,2024-01-01,8.9940476190476190,3.68
basic,IN,2024-01-01,8.9940476190476190,4.51
premium,IN,2024-01-01,8.9940476190476190,5.58
basic,CA,2024-01-01,8.9940476190476190,3.79
ad_supported,US,2024-01-01,8.9940476190476190,4.47
basic,GB,2024-01-01,8.9940476190476190,4.67
premium,AU,2024-01-01,8.9940476190476190,4.00
basic,AU,2024-01-01,8.9940476190476190,4.43
premium,US,2024-01-01,8.9940476190476190,7.07
premium,CA,2024-01-01,8.9940476190476190,4.44
ad_supported,IN,2024-01-01,8.9940476190476190,3.27
premium,CA,2024-01-01,9.0000000000000000,2.32
basic,US,2024-01-01,9.0000000000000000,2.26
ad_supported,CA,2024-01-01,9.0000000000000000,0.72
ad_supported,IN,2024-01-01,9.0000000000000000,1.34
premium,GB,2024-01-01,9.0000000000000000,2.13
premium,AU,2024-01-01,9.0000000000000000,0.63
ad_supported,US,2024-01-01,9.0000000000000000,0.60
premium,IN,2024-01-01,9.0000000000000000,1.50
ad_supported,GB,2024-01-01,9.0000000000000000,1.57
basic,IN,2024-01-01,9.0000000000000000,1.86
basic,GB,2024-01-01,9.0000000000000000,1.52
basic,CA,2024-01-01,9.0000000000000000,0.88
ad_supported,AU,2024-01-01,9.0000000000000000,1.05
premium,US,2024-01-01,9.0000000000000000,1.57
basic,AU,2024-01-01,9.0000000000000000,1.43
basic,CA,2024-01-01,9.9940476190476190,5.81
premium,IN,2024-01-01,9.9940476190476190,5.36
premium,GB,2024-01-01,9.9940476190476190,6.00
premium,US,2024-01-01,9.9940476190476190,7.86
ad_supported,GB,2024-01-01,9.9940476190476190,3.62
basic,AU,2024-01-01,9.9940476190476190,5.34
ad_supported,AU,2024-01-01,9.9940476190476190,4.19
ad_supported,CA,2024-01-01,9.9940476190476190,4.58
premium,CA,2024-01-01,9.9940476190476190,5.79
premium,AU,2024-01-01,9.9940476190476190,5.05
basic,US,2024-01-01,9.9940476190476190,6.39
ad_supported,IN,2024-01-01,9.9940476190476190,3.27
ad_supported,US,2024-01-01,9.9940476190476190,4.92
basic,GB,2024-01-01,9.9940476190476190,5.81
basic,IN,2024-01-01,9.9940476190476190,4.91
basic,AU,2024-01-01,10.9940476190476190,4.17
premium,IN,2024-01-01,10.9940476190476190,6.65
ad_supported,AU,2024-01-01,10.9940476190476190,3.44
premium,US,2024-01-01,10.9940476190476190,5.89
basic,CA,2024-01-01,10.9940476190476190,4.55
ad_supported,CA,2024-01-01,10.9940476190476190,4.58
basic,GB,2024-01-01,10.9940476190476190,3.16
basic,IN,2024-01-01,10.9940476190476190,4.77
ad_supported,GB,2024-01-01,10.9940476190476190,4.72
premium,GB,2024-01-01,10.9940476190476190,4.64
premium,AU,2024-01-01,10.9940476190476190,4.00
premium,CA,2024-01-01,10.9940476190476190,7.34
ad_supported,IN,2024-01-01,10.9940476190476190,3.27
basic,US,2024-01-01,10.9940476190476190,5.46
ad_supported,US,2024-01-01,10.9940476190476190,3.73
premium,IN,2024-01-01,11.9940476190476190,5.58
ad_supported,CA,2024-01-01,11.9940476190476190,3.15
basic,CA,2024-01-01,11.9940476190476190,4.04
ad_supported,GB,2024-01-01,11.9940476190476190,4.57
ad_supported,AU,2024-01-01,11.9940476190476190,2.99
premium,CA,2024-01-01,11.9940476190476190,5.21
premium,AU,2024-01-01,11.9940476190476190,2.95
basic,US,2024-01-01,11.9940476190476190,4.39
basic,GB,2024-01-01,11.9940476190476190,5.05
basic,IN,2024-01-01,11.9940476190476190,3.98
basic,AU,2024-01-01,11.9940476190476190,4.17
premium,US,2024-01-01,11.9940476190476190,5.70
ad_supported,US,2024-01-01,11.9940476190476190,4.32
ad_supported,IN,2024-01-01,11.9940476190476190,4.01
premium,GB,2024-01-01,11.9940476190476190,3.87
premium,GB,2024-02-01,0.000000000000000000000000,2.12
ad_supported,IN,2024-02-01,0.000000000000000000000000,1.61
basic,AU,2024-02-01,0.000000000000000000000000,1.89
premium,US,2024-02-01,0.000000000000000000000000,1.46
basic,GB,2024-02-01,0.000000000000000000000000,1.29
ad_supported,US,2024-02-01,0.000000000000000000000000,1.10
basic,IN,2024-02-01,0.000000000000000000000000,0.81
basic,US,2024-02-01,0.000000000000000000000000,2.38
premium,AU,2024-02-01,0.000000000000000000000000,0.72
premium,CA,2024-02-01,0.000000000000000000000000,2.05
ad_supported,AU,2024-02-01,0.000000000000000000000000,1.94
ad_supported,GB,2024-02-01,0.000000000000000000000000,1.50
premium,IN,2024-02-01,0.000000000000000000000000,1.48
basic,CA,2024-02-01,0.000000000000000000000000,1.43
ad_supported,CA,2024-02-01,0.000000000000000000000000,1.53
premium,IN,2024-02-01,1.00000000000000000000,10.39
basic,CA,2024-02-01,1.00000000000000000000,8.93
ad_supported,GB,2024-02-01,1.00000000000000000000,11.58
basic,US,2024-02-01,1.00000000000000000000,11.55
basic,AU,2024-02-01,1.00000000000000000000,9.23
premium,GB,2024-02-01,1.00000000000000000000,9.89
basic,IN,2024-02-01,1.00000000000000000000,10.24
ad_supported,CA,2024-02-01,1.00000000000000000000,9.71
ad_supported,IN,2024-02-01,1.00000000000000000000,9.29
basic,GB,2024-02-01,1.00000000000000000000,9.05
premium,US,2024-02-01,1.00000000000000000000,10.40
premium,AU,2024-02-01,1.00000000000000000000,8.98
premium,CA,2024-02-01,1.00000000000000000000,10.66
ad_supported,US,2024-02-01,1.00000000000000000000,9.18
ad_supported,AU,2024-02-01,1.00000000000000000000,9.83
basic,AU,2024-02-01,1.9940476190476190,1.30
ad_supported,US,2024-02-01,1.9940476190476190,0.68
premium,US,2024-02-01,1.9940476190476190,1.09
premium,GB,2024-02-01,1.9940476190476190,1.41
ad_supported,IN,2024-02-01,1.9940476190476190,0.62
ad_supported,GB,2024-02-01,1.9940476190476190,1.77
premium,CA,2024-02-01,1.9940476190476190,1.64
basic,US,2024-02-01,1.9940476190476190,1.47
ad_supported,AU,2024-02-01,1.9940476190476190,1.11
premium,IN,2024-02-01,1.9940476190476190,0.74
premium,AU,2024-02-01,1.9940476190476190,1.26
basic,IN,2024-02-01,1.9940476190476190,1.05
ad_supported,CA,2024-02-01,1.9940476190476190,0.89
basic,CA,2024-02-01,1.9940476190476190,1.10
basic,GB,2024-02-01,1.9940476190476190,1.18
premium,AU,2024-02-01,2.0000000000000000,7.54
basic,GB,2024-02-01,2.0000000000000000,7.52
basic,CA,2024-02-01,2.0000000000000000,7.72
premium,CA,2024-02-01,2.0000000000000000,8.81
ad_supported,CA,2024-02-01,2.0000000000000000,7.66
premium,US,2024-02-01,2.0000000000000000,10.40
ad_supported,US,2024-02-01,2.0000000000000000,6.99
basic,AU,2024-02-01,2.0000000000000000,8.52
ad_supported,GB,2024-02-01,2.0000000000000000,8.58
ad_supported,IN,2024-02-01,2.0000000000000000,7.68
basic,US,2024-02-01,2.0000000000000000,10.31
basic,IN,2024-02-01,2.0000000000000000,8.27
ad_supported,AU,2024-02-01,2.0000000000000000,8.45
premium,IN,2024-02-01,2.0000000000000000,10.20
premium,GB,2024-02-01,2.0000000000000000,7.95
ad_supported,CA,2024-02-01,2.9940476190476190,2.43
basic,CA,2024-02-01,2.9940476190476190,3.09
premium,AU,2024-02-01,2.9940476190476190,3.95
basic,US,2024-02-01,2.9940476190476190,4.19
ad_supported,AU,2024-02-01,2.9940476190476190,3.60
premium,IN,2024-02-01,2.9940476190476190,3.34
ad_supported,US,2024-02-01,2.9940476190476190,2.33
premium,CA,2024-02-01,2.9940476190476190,3.69
basic,GB,2024-02-01,2.9940476190476190,2.70
basic,IN,2024-02-01,2.9940476190476190,2.79
basic,AU,2024-02-01,2.9940476190476190,3.20
premium,US,2024-02-01,2.9940476190476190,4.74
ad_supported,IN,2024-02-01,2.9940476190476190,2.35
ad_supported,GB,2024-02-01,2.9940476190476190,3.54
premium,GB,2024-02-01,2.9940476190476190,3.36
basic,GB,2024-02-01,3.0000000000000000,5.76
ad_supported,IN,2024-02-01,3.0000000000000000,3.84
premium,GB,2024-02-01,3.0000000000000000,5.83
premium,US,2024-02-01,3.0000000000000000,6.20
basic,AU,2024-02-01,3.0000000000000000,6.04
basic,US,2024-02-01,3.0000000000000000,6.68
basic,IN,2024-02-01,3.0000000000000000,5.12
premium,IN,2024-02-01,3.0000000000000000,7.24
premium,CA,2024-02-01,3.0000000000000000,5.94
basic,CA,2024-02-01,3.0000000000000000,4.96
ad_supported,AU,2024-02-01,3.0000000000000000,5.26
ad_supported,GB,2024-02-01,3.0000000000000000,6.27
premium,AU,2024-02-01,3.0000000000000000,5.21
ad_supported,US,2024-02-01,3.0000000000000000,6.03
ad_supported,CA,2024-02-01,3.0000000000000000,5.11
ad_supported,AU,2024-02-01,3.9940476190476190,6.23
premium,AU,2024-02-01,3.9940476190476190,4.85
ad_supported,GB,2024-02-01,3.9940476190476190,5.86
ad_supported,US,2024-02-01,3.9940476190476190,4.38
ad_supported,IN,2024-02-01,3.9940476190476190,3.72
premium,US,2024-02-01,3.9940476190476190,8.03
premium,IN,2024-02-01,3.9940476190476190,6.68
ad_supported,CA,2024-02-01,3.9940476190476190,3.83
premium,GB,2024-02-01,3.9940476190476190,4.59
basic,IN,2024-02-01,3.9940476190476190,4.66
basic,CA,2024-02-01,3.9940476190476190,5.18
premium,CA,2024-02-01,3.9940476190476190,7.99
basic,AU,2024-02-01,3.9940476190476190,4.73
basic,GB,2024-02-01,3.9940476190476190,4.58
basic,US,2024-02-01,3.9940476190476190,7.13
basic,CA,2024-02-01,4.0000000000000000,2.65
ad_supported,AU,2024-02-01,4.0000000000000000,2.91
ad_supported,IN,2024-02-01,4.0000000000000000,3.72
basic,IN,2024-02-01,4.0000000000000000,3.38
basic,US,2024-02-01,4.0000000000000000,3.74
basic,AU,2024-02-01,4.0000000000000000,3.31
premium,US,2024-02-01,4.0000000000000000,3.47
premium,AU,2024-02-01,4.0000000000000000,4.31
ad_supported,US,2024-02-01,4.0000000000000000,3.01
ad_supported,CA,2024-02-01,4.0000000000000000,2.55
premium,GB,2024-02-01,4.0000000000000000,4.42
premium,IN,2024-02-01,4.0000000000000000,4.27
premium,CA,2024-02-01,4.0000000000000000,2.46
ad_supported,GB,2024-02-01,4.0000000000000000,3.81
basic,GB,2024-02-01,4.0000000000000000,3.06
premium,CA,2024-02-01,4.9940476190476190,8.81
ad_supported,AU,2024-02-01,4.9940476190476190,5.82
premium,US,2024-02-01,4.9940476190476190,9.12
ad_supported,CA,2024-02-01,4.9940476190476190,6.26
premium,IN,2024-02-01,4.9940476190476190,8.53
ad_supported,GB,2024-02-01,4.9940476190476190,7.90
premium,GB,2024-02-01,4.9940476190476190,7.77
ad_supported,IN,2024-02-01,4.9940476190476190,5.82
ad_supported,US,2024-02-01,4.9940476190476190,5.21
premium,AU,2024-02-01,4.9940476190476190,7.18
basic,AU,2024-02-01,4.9940476190476190,6.98
basic,US,2024-02-01,4.9940476190476190,8.27
basic,CA,2024-02-01,4.9940476190476190,5.84
basic,IN,2024-02-01,4.9940476190476190,6.17
basic,GB,2024-02-01,4.9940476190476190,6.70
ad_supported,CA,2024-02-01,5.0000000000000000,0.77
premium,GB,2024-02-01,5.0000000000000000,1.06
premium,US,2024-02-01,5.0000000000000000,1.09
basic,CA,2024-02-01,5.0000000000000000,0.77
ad_supported,IN,2024-02-01,5.0000000000000000,0.50
basic,GB,2024-02-01,5.0000000000000000,0.94
ad_supported,GB,2024-02-01,5.0000000000000000,1.23
ad_supported,AU,2024-02-01,5.0000000000000000,0.42
basic,AU,2024-02-01,5.0000000000000000,0.95
premium,AU,2024-02-01,5.0000000000000000,1.62
premium,IN,2024-02-01,5.0000000000000000,1.86
basic,IN,2024-02-01,5.0000000000000000,0.58
ad_supported,US,2024-02-01,5.0000000000000000,1.78
basic,US,2024-02-01,5.0000000000000000,1.13
premium,CA,2024-02-01,5.0000000000000000,0.61
basic,IN,2024-02-01,5.9940476190476190,6.98
premium,CA,2024-02-01,5.9940476190476190,9.02
basic,GB,2024-02-01,5.9940476190476190,6.46
ad_supported,CA,2024-02-01,5.9940476190476190,6.13
basic,AU,2024-02-01,5.9940476190476190,6.98
premium,GB,2024-02-01,5.9940476190476190,7.24
ad_supported,IN,2024-02-01,5.9940476190476190,6.07
premium,IN,2024-02-01,5.9940476190476190,9.46
premium,US,2024-02-01,5.9940476190476190,10.22
basic,US,2024-02-01,5.9940476190476190,9.40
ad_supported,GB,2024-02-01,5.9940476190476190,7.63
basic,CA,2024-02-01,5.9940476190476190,5.51
premium,AU,2024-02-01,5.9940476190476190,8.08
ad_supported,US,2024-02-01,5.9940476190476190,5.75
ad_supported,AU,2024-02-01,5.9940476190476190,7.20
premium,US,2024-02-01,6.9940476190476190,9.12
ad_supported,CA,2024-02-01,6.9940476190476190,5.87
premium,IN,2024-02-01,6.9940476190476190,8.53
ad_supported,IN,2024-02-01,6.9940476190476190,5.70
ad_supported,US,2024-02-01,6.9940476190476190,5.75
ad_supported,AU,2024-02-01,6.9940476190476190,7.62
ad_supported,GB,2024-02-01,6.9940476190476190,5.59
basic,US,2024-02-01,6.9940476190476190,6.91
basic,GB,2024-02-01,6.9940476190476190,5.88
basic,CA,2024-02-01,6.9940476190476190,5.84
premium,AU,2024-02-01,6.9940476190476190,7.36
basic,IN,2024-02-01,6.9940476190476190,6.40
premium,CA,2024-02-01,6.9940476190476190,6.97
basic,AU,2024-02-01,6.9940476190476190,6.51
premium,GB,2024-02-01,6.9940476190476190,7.77
ad_supported,IN,2024-02-01,7.9940476190476190,5.70
ad_supported,GB,2024-02-01,7.9940476190476190,5.99
ad_supported,AU,2024-02-01,7.9940476190476190,5.68
premium,AU,2024-02-01,7.9940476190476190,5.92
basic,GB,2024-02-01,7.9940476190476190,5.05
premium,CA,2024-02-01,7.9940476190476190,7.17
premium,US,2024-02-01,7.9940476190476190,8.94
ad_supported,CA,2024-02-01,7.9940476190476190,4.98
premium,GB,2024-02-01,7.9940476190476190,6.18
basic,AU,2024-02-01,7.9940476190476190,6.15
ad_supported,US,2024-02-01,7.9940476190476190,4.66
basic,IN,2024-02-01,7.9940476190476190,5.70
basic,CA,2024-02-01,7.9940476190476190,5.73
basic,US,2024-02-01,7.9940476190476190,7.59
premium,IN,2024-02-01,7.9940476190476190,5.75
basic,GB,2024-02-01,8.9940476190476190,4.94
ad_supported,IN,2024-02-01,8.9940476190476190,4.46
basic,US,2024-02-01,8.9940476190476190,6.68
premium,CA,2024-02-01,8.9940476190476190,6.56
premium,IN,2024-02-01,8.9940476190476190,6.12
basic,AU,2024-02-01,8.9940476190476190,4.85
premium,AU,2024-02-01,8.9940476190476190,6.10
ad_supported,CA,2024-02-01,8.9940476190476190,4.73
ad_supported,AU,2024-02-01,8.9940476190476190,5.68
ad_supported,GB,2024-02-01,8.9940476190476190,6.81
basic,CA,2024-02-01,8.9940476190476190,4.19
ad_supported,US,2024-02-01,8.9940476190476190,4.52
premium,US,2024-02-01,8.9940476190476190,8.39
basic,IN,2024-02-01,8.9940476190476190,5.70
premium,GB,2024-02-01,8.9940476190476190,5.83
basic,IN,2024-02-01,9.9940476190476190,5.36
ad_supported,GB,2024-02-01,9.9940476190476190,3.68
premium,IN,2024-02-01,9.9940476190476190,5.19
basic,CA,2024-02-01,9.9940476190476190,4.30
basic,US,2024-02-01,9.9940476190476190,6.12
premium,AU,2024-02-01,9.9940476190476190,5.75
premium,GB,2024-02-01,9.9940476190476190,5.83
premium,US,2024-02-01,9.9940476190476190,8.03
ad_supported,US,2024-02-01,9.9940476190476190,4.25
basic,GB,2024-02-01,9.9940476190476190,3.41
premium,CA,2024-02-01,9.9940476190476190,6.97
basic,AU,2024-02-01,9.9940476190476190,5.68
ad_supported,AU,2024-02-01,9.9940476190476190,4.43
ad_supported,IN,2024-02-01,9.9940476190476190,3.59
ad_supported,CA,2024-02-01,9.9940476190476190,4.21
basic,IN,2024-02-01,10.9940476190476190,4.89
premium,US,2024-02-01,10.9940476190476190,6.39
ad_supported,US,2024-02-01,10.9940476190476190,3.70
premium,GB,2024-02-01,10.9940476190476190,5.65
premium,CA,2024-02-01,10.9940476190476190,5.74
basic,AU,2024-02-01,10.9940476190476190,4.50
ad_supported,AU,2024-02-01,10.9940476190476190,4.85
ad_supported,GB,2024-02-01,10.9940476190476190,4.50
basic,CA,2024-02-01,10.9940476190476190,3.86
premium,AU,2024-02-01,10.9940476190476190,6.64
basic,GB,2024-02-01,10.9940476190476190,4.94
basic,US,2024-02-01,10.9940476190476190,5.89
premium,IN,2024-02-01,10.9940476190476190,6.12
ad_supported,CA,2024-02-01,10.9940476190476190,4.09
ad_supported,IN,2024-02-01,10.9940476190476190,2.97
basic,CA,2024-02-01,11.9940476190476190,4.08
basic,IN,2024-02-01,11.9940476190476190,3.96
ad_supported,US,2024-02-01,11.9940476190476190,2.88
ad_supported,AU,2024-02-01,11.9940476190476190,4.29
basic,AU,2024-02-01,11.9940476190476190,4.38
premium,CA,2024-02-01,11.9940476190476190,5.53
premium,IN,2024-02-01,11.9940476190476190,5.57
basic,GB,2024-02-01,11.9940476190476190,3.53
premium,US,2024-02-01,11.9940476190476190,6.02
ad_supported,CA,2024-02-01,11.9940476190476190,4.09
premium,GB,2024-02-01,11.9940476190476190,5.48
premium,AU,2024-02-01,11.9940476190476190,4.13
basic,US,2024-02-01,11.9940476190476190,5.32
ad_supported,IN,2024-02-01,11.9940476190476190,3.72
ad_supported,GB,2024-02-01,11.9940476190476190,3.68
ad_supported,US,2024-03-01,0.000000000000000000000000,1.24
premium,AU,2024-03-01,0.000000000000000000000000,1.19
premium,CA,2024-03-01,0.000000000000000000000000,1.35
ad_supported,IN,2024-03-01,0.000000000000000000000000,1.15
premium,GB,2024-03-01,0.000000000000000000000000,2.15
basic,AU,2024-03-01,0.000000000000000000000000,1.68
basic,US,2024-03-01,0.000000000000000000000000,1.90
ad_supported,GB,2024-03-01,0.000000000000000000000000,1.33
premium,IN,2024-03-01,0.000000000000000000000000,2.03
basic,CA,2024-03-01,0.000000000000000000000000,1.59
ad_supported,CA,2024-03-01,0.000000000000000000000000,1.04
basic,IN,2024-03-01,0.000000000000000000000000,1.49
premium,US,2024-03-01,0.000000000000000000000000,1.44
ad_supported,AU,2024-03-01,0.000000000000000000000000,2.04
basic,GB,2024-03-01,0.000000000000000000000000,1.11
basic,GB,2024-03-01,0.99404761904761904762,2.41
basic,US,2024-03-01,0.99404761904761904762,2.85
ad_supported,CA,2024-03-01,0.99404761904761904762,2.09
ad_supported,US,2024-03-01,0.99404761904761904762,2.35
ad_supported,AU,2024-03-01,0.99404761904761904762,2.93
ad_supported,IN,2024-03-01,0.99404761904761904762,1.39
basic,IN,2024-03-01,0.99404761904761904762,2.23
premium,CA,2024-03-01,0.99404761904761904762,3.20
premium,IN,2024-03-01,0.99404761904761904762,2.54
premium,AU,2024-03-01,0.99404761904761904762,2.38
premium,GB,2024-03-01,0.99404761904761904762,3.14
ad_supported,GB,2024-03-01,0.99404761904761904762,2.30
basic,CA,2024-03-01,0.99404761904761904762,1.59
basic,AU,2024-03-01,0.99404761904761904762,2.69
premium,US,2024-03-01,0.99404761904761904762,3.24
ad_supported,CA,2024-03-01,1.00000000000000000000,7.42
ad_supported,IN,2024-03-01,1.00000000000000000000,5.43
basic,GB,2024-03-01,1.00000000000000000000,8.64
premium,IN,2024-03-01,1.00000000000000000000,9.31
ad_supported,AU,2024-03-01,1.00000000000000000000,8.03
basic,US,2024-03-01,1.00000000000000000000,5.90
ad_supported,US,2024-03-01,1.00000000000000000000,6.06
premium,US,2024-03-01,1.00000000000000000000,8.81
premium,GB,2024-03-01,1.00000000000000000000,7.92
ad_supported,GB,2024-03-01,1.00000000000000000000,8.22
basic,CA,2024-03-01,1.00000000000000000000,7.76
premium,AU,2024-03-01,1.00000000000000000000,7.99
basic,IN,2024-03-01,1.00000000000000000000,7.97
premium,CA,2024-03-01,1.00000000000000000000,6.23
basic,AU,2024-03-01,1.00000000000000000000,8.30
premium,AU,2024-03-01,1.9940476190476190,3.23
premium,IN,2024-03-01,1.9940476190476190,3.72
basic,CA,2024-03-01,1.9940476190476190,2.87
ad_supported,US,2024-03-01,1.9940476190476190,2.48
basic,GB,2024-03-01,1.9940476190476190,3.62
premium,GB,2024-03-01,1.9940476190476190,4.46
premium,CA,2024-03-01,1.9940476190476190,3.87
basic,AU,2024-03-01,1.9940476190476190,4.26
basic,IN,2024-03-01,1.9940476190476190,3.83
ad_supported,IN,2024-03-01,1.9940476190476190,2.66
premium,US,2024-03-01,1.9940476190476190,4.14
ad_supported,CA,2024-03-01,1.9940476190476190,3.60
ad_supported,GB,2024-03-01,1.9940476190476190,4.11
ad_supported,AU,2024-03-01,1.9940476190476190,3.31
basic,US,2024-03-01,1.9940476190476190,3.69
ad_supported,CA,2024-03-01,2.0000000000000000,6.15
basic,US,2024-03-01,2.0000000000000000,5.48
ad_supported,IN,2024-03-01,2.0000000000000000,5.08
premium,AU,2024-03-01,2.0000000000000000,7.48
basic,GB,2024-03-01,2.0000000000000000,6.83
premium,IN,2024-03-01,2.0000000000000000,8.46
basic,AU,2024-03-01,2.0000000000000000,6.61
basic,IN,2024-03-01,2.0000000000000000,6.48
basic,CA,2024-03-01,2.0000000000000000,6.16
ad_supported,AU,2024-03-01,2.0000000000000000,6.11
premium,US,2024-03-01,2.0000000000000000,8.27
premium,GB,2024-03-01,2.0000000000000000,6.93
premium,CA,2024-03-01,2.0000000000000000,6.06
ad_supported,US,2024-03-01,2.0000000000000000,4.70
ad_supported,GB,2024-03-01,2.0000000000000000,6.89
ad_supported,AU,2024-03-01,2.9940476190476190,3.44
premium,AU,2024-03-01,2.9940476190476190,3.23
premium,IN,2024-03-01,2.9940476190476190,3.72
ad_supported,CA,2024-03-01,2.9940476190476190,3.13
basic,US,2024-03-01,2.9940476190476190,3.79
premium,GB,2024-03-01,2.9940476190476190,4.13
basic,CA,2024-03-01,2.9940476190476190,2.13
ad_supported,US,2024-03-01,2.9940476190476190,2.85
basic,IN,2024-03-01,2.9940476190476190,3.93
ad_supported,GB,2024-03-01,2.9940476190476190,2.18
basic,AU,2024-03-01,2.9940476190476190,4.15
ad_supported,IN,2024-03-01,2.9940476190476190,2.54
premium,CA,2024-03-01,2.9940476190476190,4.04
premium,US,2024-03-01,2.9940476190476190,4.14
basic,GB,2024-03-01,2.9940476190476190,3.32
basic,AU,2024-03-01,3.0000000000000000,6.39
basic,IN,2024-03-01,3.0000000000000000,4.99
basic,CA,2024-03-01,3.0000000000000000,5.74
ad_supported,US,2024-03-01,3.0000000000000000,4.46
basic,US,2024-03-01,3.0000000000000000,4.53
ad_supported,CA,2024-03-01,3.0000000000000000,4.76
premium,GB,2024-03-01,3.0000000000000000,6.27
ad_supported,AU,2024-03-01,3.0000000000000000,5.48
premium,US,2024-03-01,3.0000000000000000,7.73
ad_supported,GB,2024-03-01,3.0000000000000000,6.65
premium,IN,2024-03-01,3.0000000000000000,8.63
basic,GB,2024-03-01,3.0000000000000000,6.23
premium,AU,2024-03-01,3.0000000000000000,7.65
premium,CA,2024-03-01,3.0000000000000000,6.40
ad_supported,IN,2024-03-01,3.0000000000000000,4.50
ad_supported,GB,2024-03-01,3.9940476190476190,3.26
premium,GB,2024-03-01,3.9940476190476190,4.46
ad_supported,US,2024-03-01,3.9940476190476190,2.97
premium,IN,2024-03-01,3.9940476190476190,3.21
ad_supported,CA,2024-03-01,3.9940476190476190,2.67
basic,US,2024-03-01,3.9940476190476190,3.48
basic,CA,2024-03-01,3.9940476190476190,2.23
basic,IN,2024-03-01,3.9940476190476190,3.19
basic,AU,2024-03-01,3.9940476190476190,3.92
ad_supported,IN,2024-03-01,3.9940476190476190,1.62
premium,CA,2024-03-01,3.9940476190476190,3.70
premium,US,2024-03-01,3.9940476190476190,4.14
ad_supported,AU,2024-03-01,3.9940476190476190,3.44
basic,GB,2024-03-01,3.9940476190476190,3.02
premium,AU,2024-03-01,3.9940476190476190,3.23
premium,AU,2024-03-01,4.0000000000000000,7.65
ad_supported,AU,2024-03-01,4.0000000000000000,5.61
premium,US,2024-03-01,4.0000000000000000,8.09
ad_supported,IN,2024-03-01,4.0000000000000000,3.58
basic,US,2024-03-01,4.0000000000000000,4.11
premium,CA,2024-03-01,4.0000000000000000,6.23
basic,IN,2024-03-01,4.0000000000000000,4.68
ad_supported,US,2024-03-01,4.0000000000000000,4.58
basic,CA,2024-03-01,4.0000000000000000,5.63
basic,AU,2024-03-01,4.0000000000000000,6.61
ad_supported,CA,2024-03-01,4.0000000000000000,5.10
premium,IN,2024-03-01,4.0000000000000000,7.95
premium,GB,2024-03-01,4.0000000000000000,6.44
basic,GB,2024-03-01,4.0000000000000000,5.63
ad_supported,GB,2024-03-01,4.0000000000000000,5.08
basic,GB,2024-03-01,4.9940476190476190,2.91
ad_supported,AU,2024-03-01,4.9940476190476190,2.04
ad_supported,CA,2024-03-01,4.9940476190476190,2.90
ad_supported,GB,2024-03-01,4.9940476190476190,3.26
ad_supported,IN,2024-03-01,4.9940476190476190,1.85
ad_supported,US,2024-03-01,4.9940476190476190,2.10
basic,AU,2024-03-01,4.9940476190476190,3.25
basic,CA,2024-03-01,4.9940476190476190,2.34
basic,IN,2024-03-01,4.9940476190476190,2.87
basic,US,2024-03-01,4.9940476190476190,3.27
premium,AU,2024-03-01,4.9940476190476190,2.89
premium,CA,2024-03-01,4.9940476190476190,3.03
premium,GB,2024-03-01,4.9940476190476190,3.80
premium,IN,2024-03-01,4.9940476190476190,3.72
premium,US,2024-03-01,4.9940476190476190,3.96
premium,IN,2024-03-01,5.0000000000000000,6.26
basic,GB,2024-03-01,5.0000000000000000,5.43
ad_supported,IN,2024-03-01,5.0000000000000000,3.12
premium,AU,2024-03-01,5.0000000000000000,7.65
ad_supported,CA,2024-03-01,5.0000000000000000,4.64
premium,CA,2024-03-01,5.0000000000000000,4.88
basic,AU,2024-03-01,5.0000000000000000,5.38
ad_supported,AU,2024-03-01,5.0000000000000000,3.44
basic,CA,2024-03-01,5.0000000000000000,5.21
ad_supported,GB,2024-03-01,5.0000000000000000,4.84
premium,GB,2024-03-01,5.0000000000000000,5.94
basic,IN,2024-03-01,5.0000000000000000,4.14
premium,US,2024-03-01,5.0000000000000000,8.27
basic,US,2024-03-01,5.0000000000000000,4.74
ad_supported,US,2024-03-01,5.0000000000000000,3.96
basic,IN,2024-03-01,5.9940476190476190,2.34
basic,CA,2024-03-01,5.9940476190476190,2.23
ad_supported,GB,2024-03-01,5.9940476190476190,1.93
premium,GB,2024-03-01,5.9940476190476190,3.80
basic,GB,2024-03-01,5.9940476190476190,2.11
premium,AU,2024-03-01,5.9940476190476190,2.72
premium,CA,2024-03-01,5.9940476190476190,2.86
ad_supported,IN,2024-03-01,5.9940476190476190,1.39
basic,US,2024-03-01,5.9940476190476190,2.63
premium,US,2024-03-01,5.9940476190476190,3.06
ad_supported,AU,2024-03-01,5.9940476190476190,1.78
ad_supported,CA,2024-03-01,5.9940476190476190,2.32
premium,IN,2024-03-01,5.9940476190476190,2.37
ad_supported,US,2024-03-01,5.9940476190476190,1.98
basic,AU,2024-03-01,5.9940476190476190,3.03
premium,US,2024-03-01,6.0000000000000000,7.01
basic,CA,2024-03-01,6.0000000000000000,4.89
premium,GB,2024-03-01,6.0000000000000000,5.94
ad_supported,GB,2024-03-01,6.0000000000000000,4.23
basic,IN,2024-03-01,6.0000000000000000,4.68
ad_supported,AU,2024-03-01,6.0000000000000000,4.97
basic,AU,2024-03-01,6.0000000000000000,4.60
premium,AU,2024-03-01,6.0000000000000000,6.29
premium,CA,2024-03-01,6.0000000000000000,5.05
premium,IN,2024-03-01,6.0000000000000000,5.75
ad_supported,IN,2024-03-01,6.0000000000000000,3.00
basic,GB,2024-03-01,6.0000000000000000,5.03
ad_supported,US,2024-03-01,6.0000000000000000,3.71
ad_supported,CA,2024-03-01,6.0000000000000000,4.41
basic,US,2024-03-01,6.0000000000000000,3.58
ad_supported,CA,2024-03-01,6.9940476190476190,2.44
basic,US,2024-03-01,6.9940476190476190,2.53
basic,GB,2024-03-01,6.9940476190476190,2.51
premium,US,2024-03-01,6.9940476190476190,3.42
ad_supported,AU,2024-03-01,6.9940476190476190,2.42
premium,AU,2024-03-01,6.9940476190476190,2.04
ad_supported,US,2024-03-01,6.9940476190476190,2.35
basic,CA,2024-03-01,6.9940476190476190,1.81
premium,IN,2024-03-01,6.9940476190476190,2.71
basic,IN,2024-03-01,6.9940476190476190,2.44
ad_supported,IN,2024-03-01,6.9940476190476190,1.04
premium,CA,2024-03-01,6.9940476190476190,3.54
premium,GB,2024-03-01,6.9940476190476190,3.47
ad_supported,GB,2024-03-01,6.9940476190476190,2.42
basic,AU,2024-03-01,6.9940476190476190,2.47
basic,AU,2024-03-01,7.0000000000000000,4.93
basic,CA,2024-03-01,7.0000000000000000,3.40
premium,IN,2024-03-01,7.0000000000000000,5.75
basic,US,2024-03-01,7.0000000000000000,4.00
premium,AU,2024-03-01,7.0000000000000000,6.80
ad_supported,US,2024-03-01,7.0000000000000000,2.85
premium,CA,2024-03-01,7.0000000000000000,4.04
ad_supported,IN,2024-03-01,7.0000000000000000,3.23
basic,IN,2024-03-01,7.0000000000000000,3.72
ad_supported,AU,2024-03-01,7.0000000000000000,3.69
premium,US,2024-03-01,7.0000000000000000,6.47
basic,GB,2024-03-01,7.0000000000000000,4.92
ad_supported,CA,2024-03-01,7.0000000000000000,2.78
premium,GB,2024-03-01,7.0000000000000000,4.95
ad_supported,GB,2024-03-01,7.0000000000000000,4.23
premium,CA,2024-03-01,7.9940476190476190,3.20
basic,CA,2024-03-01,7.9940476190476190,1.17
ad_supported,IN,2024-03-01,7.9940476190476190,1.27
premium,IN,2024-03-01,7.9940476190476190,1.86
ad_supported,AU,2024-03-01,7.9940476190476190,1.78
premium,US,2024-03-01,7.9940476190476190,3.06
ad_supported,CA,2024-03-01,7.9940476190476190,2.32
basic,GB,2024-03-01,7.9940476190476190,2.01
premium,AU,2024-03-01,7.9940476190476190,2.04
ad_supported,US,2024-03-01,7.9940476190476190,1.61
basic,IN,2024-03-01,7.9940476190476190,2.13
premium,GB,2024-03-01,7.9940476190476190,3.96
basic,AU,2024-03-01,7.9940476190476190,2.47
basic,US,2024-03-01,7.9940476190476190,2.11
ad_supported,GB,2024-03-01,7.9940476190476190,1.81
ad_supported,GB,2024-03-01,8.0000000000000000,3.51
premium,CA,2024-03-01,8.0000000000000000,4.55
premium,GB,2024-03-01,8.0000000000000000,5.12
premium,US,2024-03-01,8.0000000000000000,5.76
basic,US,2024-03-01,8.0000000000000000,3.37
basic,GB,2024-03-01,8.0000000000000000,4.92
basic,CA,2024-03-01,8.0000000000000000,4.36
premium,AU,2024-03-01,8.0000000000000000,4.59
premium,IN,2024-03-01,8.0000000000000000,5.25
basic,IN,2024-03-01,8.0000000000000000,3.51
ad_supported,CA,2024-03-01,8.0000000000000000,3.36
basic,AU,2024-03-01,8.0000000000000000,4.04
ad_supported,IN,2024-03-01,8.0000000000000000,2.77
ad_supported,US,2024-03-01,8.0000000000000000,2.35
ad_supported,AU,2024-03-01,8.0000000000000000,2.55
ad_supported,GB,2024-03-01,8.9940476190476190,1.45
basic,CA,2024-03-01,8.9940476190476190,1.59
premium,AU,2024-03-01,8.9940476190476190,2.04
basic,US,2024-03-01,8.9940476190476190,2.85
basic,IN,2024-03-01,8.9940476190476190,2.02
ad_supported,IN,2024-03-01,8.9940476190476190,0.69
ad_supported,AU,2024-03-01,8.9940476190476190,2.68
ad_supported,CA,2024-03-01,8.9940476190476190,2.09
premium,US,2024-03-01,8.9940476190476190,2.34
ad_supported,US,2024-03-01,8.9940476190476190,1.61
premium,GB,2024-03-01,8.9940476190476190,3.47
basic,GB,2024-03-01,8.9940476190476190,2.71
premium,CA,2024-03-01,8.9940476190476190,2.86
basic,AU,2024-03-01,8.9940476190476190,3.25
premium,IN,2024-03-01,8.9940476190476190,2.20
premium,IN,2024-03-01,9.0000000000000000,5.08
premium,GB,2024-03-01,9.0000000000000000,4.95
ad_supported,CA,2024-03-01,9.0000000000000000,3.71
ad_supported,AU,2024-03-01,9.0000000000000000,3.06
basic,US,2024-03-01,9.0000000000000000,2.32
basic,IN,2024-03-01,9.0000000000000000,3.40
basic,GB,2024-03-01,9.0000000000000000,3.62
ad_supported,GB,2024-03-01,9.0000000000000000,4.59
ad_supported,US,2024-03-01,9.0000000000000000,2.60
basic,CA,2024-03-01,9.0000000000000000,3.51
premium,CA,2024-03-01,9.0000000000000000,3.87
basic,AU,2024-03-01,9.0000000000000000,4.37
premium,AU,2024-03-01,9.0000000000000000,5.95
ad_supported,IN,2024-03-01,9.0000000000000000,1.73
premium,US,2024-03-01,9.0000000000000000,5.22
premium,US,2024-03-01,9.9940476190476190,2.70
premium,GB,2024-03-01,9.9940476190476190,2.64
premium,AU,2024-03-01,9.9940476190476190,1.70
premium,IN,2024-03-01,9.9940476190476190,2.37
ad_supported,CA,2024-03-01,9.9940476190476190,1.51
basic,AU,2024-03-01,9.9940476190476190,1.79
basic,CA,2024-03-01,9.9940476190476190,1.17
basic,IN,2024-03-01,9.9940476190476190,1.38
basic,GB,2024-03-01,9.9940476190476190,1.91
ad_supported,AU,2024-03-01,9.9940476190476190,1.27
ad_supported,GB,2024-03-01,9.9940476190476190,1.93
ad_supported,US,2024-03-01,9.9940476190476190,1.24
basic,US,2024-03-01,9.9940476190476190,2.00
ad_supported,IN,2024-03-01,9.9940476190476190,0.92
premium,CA,2024-03-01,9.9940476190476190,2.02
basic,US,2024-03-01,10.0000000000000000,2.42
ad_supported,US,2024-03-01,10.0000000000000000,2.85
premium,AU,2024-03-01,10.0000000000000000,4.42
ad_supported,GB,2024-03-01,10.0000000000000000,3.26
ad_supported,CA,2024-03-01,10.0000000000000000,3.13
ad_supported,AU,2024-03-01,10.0000000000000000,3.18
basic,GB,2024-03-01,10.0000000000000000,4.52
ad_supported,IN,2024-03-01,10.0000000000000000,1.85
premium,US,2024-03-01,10.0000000000000000,4.14
basic,CA,2024-03-01,10.0000000000000000,3.83
basic,AU,2024-03-01,10.0000000000000000,4.15
premium,IN,2024-03-01,10.0000000000000000,4.74
premium,CA,2024-03-01,10.0000000000000000,3.37
premium,GB,2024-03-01,10.0000000000000000,4.46
basic,IN,2024-03-01,10.0000000000000000,2.44
basic,AU,2024-03-01,10.9940476190476190,2.13
premium,US,2024-03-01,10.9940476190476190,1.26
ad_supported,AU,2024-03-01,10.9940476190476190,1.66
premium,IN,2024-03-01,10.9940476190476190,2.03
basic,CA,2024-03-01,10.9940476190476190,1.38
basic,IN,2024-03-01,10.9940476190476190,1.70
ad_supported,CA,2024-03-01,10.9940476190476190,1.28
premium,GB,2024-03-01,10.9940476190476190,3.30
ad_supported,GB,2024-03-01,10.9940476190476190,1.33
basic,US,2024-03-01,10.9940476190476190,2.63
basic,GB,2024-03-01,10.9940476190476190,1.71
premium,CA,2024-03-01,10.9940476190476190,2.02
ad_supported,IN,2024-03-01,10.9940476190476190,0.92
premium,AU,2024-03-01,10.9940476190476190,1.53
ad_supported,US,2024-03-01,10.9940476190476190,1.49
premium,AU,2024-03-01,11.0000000000000000,4.76
ad_supported,IN,2024-03-01,11.0000000000000000,2.08
basic,CA,2024-03-01,11.0000000000000000,2.87
basic,IN,2024-03-01,11.0000000000000000,2.98
basic,GB,2024-03-01,11.0000000000000000,2.91
ad_supported,CA,2024-03-01,11.0000000000000000,2.20
premium,US,2024-03-01,11.0000000000000000,5.22
basic,AU,2024-03-01,11.0000000000000000,3.59
ad_supported,US,2024-03-01,11.0000000000000000,2.48
ad_supported,AU,2024-03-01,11.0000000000000000,2.93
premium,IN,2024-03-01,11.0000000000000000,5.25
basic,US,2024-03-01,11.0000000000000000,2.42
ad_supported,GB,2024-03-01,11.0000000000000000,2.54
premium,GB,2024-03-01,11.0000000000000000,3.96
premium,CA,2024-03-01,11.0000000000000000,3.03
premium,GB,2024-03-01,11.9940476190476190,2.15
premium,CA,2024-03-01,11.9940476190476190,1.35
basic,AU,2024-03-01,11.9940476190476190,1.68
ad_supported,GB,2024-03-01,11.9940476190476190,2.06
basic,GB,2024-03-01,11.9940476190476190,0.90
ad_supported,CA,2024-03-01,11.9940476190476190,1.97
basic,IN,2024-03-01,11.9940476190476190,1.49
basic,CA,2024-03-01,11.9940476190476190,1.38
ad_supported,IN,2024-03-01,11.9940476190476190,0.81
premium,AU,2024-03-01,11.9940476190476190,0.85
premium,IN,2024-03-01,11.9940476190476190,1.18
ad_supported,AU,2024-03-01,11.9940476190476190,1.91
premium,US,2024-03-01,11.9940476190476190,2.34
ad_supported,US,2024-03-01,11.9940476190476190,1.49
basic,US,2024-03-01,11.9940476190476190,1.90
basic,GB,2024-03-01,12.0000000000000000,2.61
basic,AU,2024-03-01,12.0000000000000000,3.03
ad_supported,GB,2024-03-01,12.0000000000000000,3.99
premium,AU,2024-03-01,12.0000000000000000,3.23
premium,US,2024-03-01,12.0000000000000000,4.86
premium,CA,2024-03-01,12.0000000000000000,3.20
premium,IN,2024-03-01,12.0000000000000000,4.74
basic,IN,2024-03-01,12.0000000000000000,2.55
ad_supported,IN,2024-03-01,12.0000000000000000,2.19
ad_supported,CA,2024-03-01,12.0000000000000000,2.55
premium,GB,2024-03-01,12.0000000000000000,3.47
ad_supported,US,2024-03-01,12.0000000000000000,2.23
basic,CA,2024-03-01,12.0000000000000000,2.55
ad_supported,AU,2024-03-01,12.0000000000000000,3.18
basic,US,2024-03-01,12.0000000000000000,2.42
premium,GB,2024-04-01,0.000000000000000000000000,1.52
ad_supported,IN,2024-04-01,0.000000000000000000000000,1.21
basic,CA,2024-04-01,0.000000000000000000000000,1.89
premium,AU,2024-04-01,0.000000000000000000000000,1.42
ad_supported,GB,2024-04-01,0.000000000000000000000000,1.26
basic,AU,2024-04-01,0.000000000000000000000000,1.71
premium,IN,2024-04-01,0.000000000000000000000000,2.00
ad_supported,AU,2024-04-01,0.000000000000000000000000,1.21
premium,CA,2024-04-01,0.000000000000000000000000,0.78
basic,US,2024-04-01,0.000000000000000000000000,1.88
premium,US,2024-04-01,0.000000000000000000000000,1.22
basic,IN,2024-04-01,0.000000000000000000000000,1.11
ad_supported,US,2024-04-01,0.000000000000000000000000,1.89
ad_supported,CA,2024-04-01,0.000000000000000000000000,1.05
basic,GB,2024-04-01,0.000000000000000000000000,1.08
ad_supported,IN,2024-04-01,1.00000000000000000000,7.81
basic,GB,2024-04-01,1.00000000000000000000,10.13
basic,CA,2024-04-01,1.00000000000000000000,10.85
basic,IN,2024-04-01,1.00000000000000000000,10.49
basic,AU,2024-04-01,1.00000000000000000000,12.24
basic,US,2024-04-01,1.00000000000000000000,10.04
ad_supported,US,2024-04-01,1.00000000000000000000,10.46
premium,AU,2024-04-01,1.00000000000000000000,13.59
premium,CA,2024-04-01,1.00000000000000000000,8.91
ad_supported,GB,2024-04-01,1.00000000000000000000,9.13
premium,GB,2024-04-01,1.00000000000000000000,10.62
ad_supported,CA,2024-04-01,1.00000000000000000000,8.20
premium,IN,2024-04-01,1.00000000000000000000,9.38
ad_supported,AU,2024-04-01,1.00000000000000000000,9.65
premium,US,2024-04-01,1.00000000000000000000,11.93
ad_supported,AU,2024-04-01,2.0000000000000000,7.84
basic,GB,2024-04-01,2.0000000000000000,10.13
premium,US,2024-04-01,2.0000000000000000,11.93
basic,US,2024-04-01,2.0000000000000000,10.04
basic,AU,2024-04-01,2.0000000000000000,12.24
premium,GB,2024-04-01,2.0000000000000000,10.77
ad_supported,GB,2024-04-01,2.0000000000000000,8.45
ad_supported,US,2024-04-01,2.0000000000000000,9.23
ad_supported,CA,2024-04-01,2.0000000000000000,7.26
ad_supported,IN,2024-04-01,2.0000000000000000,7.26
basic,IN,2024-04-01,2.0000000000000000,9.49
premium,AU,2024-04-01,2.0000000000000000,13.43
premium,CA,2024-04-01,2.0000000000000000,9.69
basic,CA,2024-04-01,2.0000000000000000,10.15
premium,IN,2024-04-01,2.0000000000000000,9.38
ad_supported,CA,2024-04-01,3.0000000000000000,8.20
ad_supported,US,2024-04-01,3.0000000000000000,7.79
premium,AU,2024-04-01,3.0000000000000000,12.95
premium,US,2024-04-01,3.0000000000000000,12.23
basic,GB,2024-04-01,3.0000000000000000,8.75
ad_supported,AU,2024-04-01,3.0000000000000000,7.84
premium,IN,2024-04-01,3.0000000000000000,10.15
basic,CA,2024-04-01,3.0000000000000000,9.75
basic,IN,2024-04-01,3.0000000000000000,9.18
ad_supported,IN,2024-04-01,3.0000000000000000,7.04
ad_supported,GB,2024-04-01,3.0000000000000000,8.11
premium,GB,2024-04-01,3.0000000000000000,10.77
basic,AU,2024-04-01,3.0000000000000000,11.63
basic,US,2024-04-01,3.0000000000000000,9.85
premium,CA,2024-04-01,3.0000000000000000,9.53
basic,CA,2024-04-01,4.0000000000000000,8.06
ad_supported,GB,2024-04-01,4.0000000000000000,6.62
premium,AU,2024-04-01,4.0000000000000000,12.48
basic,IN,2024-04-01,4.0000000000000000,8.38
premium,CA,2024-04-01,4.0000000000000000,9.38
basic,AU,2024-04-01,4.0000000000000000,10.83
ad_supported,AU,2024-04-01,4.0000000000000000,7.72
premium,IN,2024-04-01,4.0000000000000000,9.54
ad_supported,US,2024-04-01,4.0000000000000000,8.90
premium,US,2024-04-01,4.0000000000000000,11.62
basic,GB,2024-04-01,4.0000000000000000,9.44
premium,GB,2024-04-01,4.0000000000000000,10.62
ad_supported,CA,2024-04-01,4.0000000000000000,7.03
ad_supported,IN,2024-04-01,4.0000000000000000,5.61
basic,US,2024-04-01,4.0000000000000000,9.01
ad_supported,AU,2024-04-01,5.0000000000000000,5.91
premium,IN,2024-04-01,5.0000000000000000,8.31
ad_supported,GB,2024-04-01,5.0000000000000000,5.59
premium,AU,2024-04-01,5.0000000000000000,12.80
basic,CA,2024-04-01,5.0000000000000000,8.06
basic,IN,2024-04-01,5.0000000000000000,7.87
ad_supported,IN,2024-04-01,5.0000000000000000,6.38
premium,CA,2024-04-01,5.0000000000000000,8.44
basic,GB,2024-04-01,5.0000000000000000,7.96
ad_supported,CA,2024-04-01,5.0000000000000000,5.50
premium,GB,2024-04-01,5.0000000000000000,9.56
basic,AU,2024-04-01,5.0000000000000000,9.73
ad_supported,US,2024-04-01,5.0000000000000000,6.56
basic,US,2024-04-01,5.0000000000000000,7.79
premium,US,2024-04-01,5.0000000000000000,11.93
ad_supported,GB,2024-04-01,6.0000000000000000,5.37
basic,US,2024-04-01,6.0000000000000000,8.26
basic,IN,2024-04-01,6.0000000000000000,6.56
premium,IN,2024-04-01,6.0000000000000000,7.23
basic,GB,2024-04-01,6.0000000000000000,7.47
premium,AU,2024-04-01,6.0000000000000000,11.22
ad_supported,IN,2024-04-01,6.0000000000000000,5.83
basic,AU,2024-04-01,6.0000000000000000,8.63
ad_supported,CA,2024-04-01,6.0000000000000000,5.97
basic,CA,2024-04-01,6.0000000000000000,7.86
ad_supported,US,2024-04-01,6.0000000000000000,5.78
premium,US,2024-04-01,6.0000000000000000,10.55
ad_supported,AU,2024-04-01,6.0000000000000000,6.76
premium,CA,2024-04-01,6.0000000000000000,7.03
premium,GB,2024-04-01,6.0000000000000000,9.10
premium,US,2024-04-01,7.0000000000000000,9.63
basic,IN,2024-04-01,7.0000000000000000,5.95
premium,AU,2024-04-01,7.0000000000000000,9.48
basic,CA,2024-04-01,7.0000000000000000,6.77
ad_supported,CA,2024-04-01,7.0000000000000000,5.04
premium,GB,2024-04-01,7.0000000000000000,8.35
premium,CA,2024-04-01,7.0000000000000000,6.56
basic,AU,2024-04-01,7.0000000000000000,7.52
ad_supported,GB,2024-04-01,7.0000000000000000,5.14
basic,GB,2024-04-01,7.0000000000000000,7.18
basic,US,2024-04-01,7.0000000000000000,7.32
ad_supported,AU,2024-04-01,7.0000000000000000,5.19
premium,IN,2024-04-01,7.0000000000000000,7.38
ad_supported,US,2024-04-01,7.0000000000000000,5.90
ad_supported,IN,2024-04-01,7.0000000000000000,5.28
basic,CA,2024-04-01,8.0000000000000000,6.17
ad_supported,AU,2024-04-01,8.0000000000000000,5.31
premium,US,2024-04-01,8.0000000000000000,10.09
premium,AU,2024-04-01,8.0000000000000000,9.32
premium,GB,2024-04-01,8.0000000000000000,7.44
ad_supported,US,2024-04-01,8.0000000000000000,5.01
premium,IN,2024-04-01,8.0000000000000000,6.15
ad_supported,CA,2024-04-01,8.0000000000000000,4.45
basic,AU,2024-04-01,8.0000000000000000,6.62
ad_supported,GB,2024-04-01,8.0000000000000000,3.77
premium,CA,2024-04-01,8.0000000000000000,7.34
ad_supported,IN,2024-04-01,8.0000000000000000,4.84
basic,IN,2024-04-01,8.0000000000000000,5.05
basic,US,2024-04-01,8.0000000000000000,6.38
basic,GB,2024-04-01,8.0000000000000000,6.78
premium,GB,2024-04-01,9.0000000000000000,6.07
ad_supported,US,2024-04-01,9.0000000000000000,5.56
premium,AU,2024-04-01,9.0000000000000000,8.69
ad_supported,IN,2024-04-01,9.0000000000000000,4.29
basic,US,2024-04-01,9.0000000000000000,5.91
premium,CA,2024-04-01,9.0000000000000000,5.63
ad_supported,GB,2024-04-01,9.0000000000000000,4.11
basic,AU,2024-04-01,9.0000000000000000,6.32
ad_supported,CA,2024-04-01,9.0000000000000000,3.51
basic,IN,2024-04-01,9.0000000000000000,5.75
basic,CA,2024-04-01,9.0000000000000000,6.67
premium,IN,2024-04-01,9.0000000000000000,5.38
ad_supported,AU,2024-04-01,9.0000000000000000,5.79
basic,GB,2024-04-01,9.0000000000000000,6.00
premium,US,2024-04-01,9.0000000000000000,5.81
premium,US,2024-04-01,10.0000000000000000,5.50
ad_supported,CA,2024-04-01,10.0000000000000000,2.69
ad_supported,GB,2024-04-01,10.0000000000000000,3.77
basic,IN,2024-04-01,10.0000000000000000,4.14
basic,AU,2024-04-01,10.0000000000000000,4.11
premium,CA,2024-04-01,10.0000000000000000,4.22
basic,CA,2024-04-01,10.0000000000000000,3.78
premium,GB,2024-04-01,10.0000000000000000,4.70
ad_supported,US,2024-04-01,10.0000000000000000,3.56
basic,GB,2024-04-01,10.0000000000000000,4.03
premium,IN,2024-04-01,10.0000000000000000,4.46
ad_supported,IN,2024-04-01,10.0000000000000000,3.08
premium,AU,2024-04-01,10.0000000000000000,5.21
ad_supported,AU,2024-04-01,10.0000000000000000,4.10
basic,US,2024-04-01,10.0000000000000000,4.22
basic,US,2024-04-01,11.0000000000000000,2.72
premium,GB,2024-04-01,11.0000000000000000,2.43
ad_supported,IN,2024-04-01,11.0000000000000000,1.98
premium,IN,2024-04-01,11.0000000000000000,2.62
ad_supported,GB,2024-04-01,11.0000000000000000,1.03
basic,IN,2024-04-01,11.0000000000000000,2.83
premium,CA,2024-04-01,11.0000000000000000,2.03
premium,US,2024-04-01,11.0000000000000000,3.52
basic,AU,2024-04-01,11.0000000000000000,2.81
basic,CA,2024-04-01,11.0000000000000000,2.59
ad_supported,CA,2024-04-01,11.0000000000000000,1.64
premium,AU,2024-04-01,11.0000000000000000,3.79
ad_supported,AU,2024-04-01,11.0000000000000000,3.02
ad_supported,US,2024-04-01,11.0000000000000000,2.78
basic,GB,2024-04-01,11.0000000000000000,2.26
ad_supported,CA,2024-04-01,12.0000000000000000,1.05
basic,CA,2024-04-01,12.0000000000000000,1.00
basic,AU,2024-04-01,12.0000000000000000,0.80
ad_supported,AU,2024-04-01,12.0000000000000000,2.17
basic,US,2024-04-01,12.0000000000000000,1.88
ad_supported,US,2024-04-01,12.0000000000000000,0.78
premium,IN,2024-04-01,12.0000000000000000,1.23
ad_supported,IN,2024-04-01,12.0000000000000000,0.88
premium,CA,2024-04-01,12.0000000000000000,0.94
premium,AU,2024-04-01,12.0000000000000000,1.26
basic,IN,2024-04-01,12.0000000000000000,1.11
premium,US,2024-04-01,12.0000000000000000,1.38
premium,GB,2024-04-01,12.0000000000000000,1.52
ad_supported,GB,2024-04-01,12.0000000000000000,0.34
basic,GB,2024-04-01,12.0000000000000000,0.79
ad_supported,GB,2024-05-01,0.000000000000000000000000,1.12
basic,US,2024-05-01,0.000000000000000000000000,1.63
premium,US,2024-05-01,0.000000000000000000000000,1.25
basic,IN,2024-05-01,0.000000000000000000000000,1.06
basic,AU,2024-05-01,0.000000000000000000000000,1.60
basic,GB,2024-05-01,0.000000000000000000000000,1.16
premium,IN,2024-05-01,0.000000000000000000000000,0.98
premium,GB,2024-05-01,0.000000000000000000000000,2.30
ad_supported,CA,2024-05-01,0.000000000000000000000000,2.00
ad_supported,AU,2024-05-01,0.000000000000000000000000,1.78
basic,CA,2024-05-01,0.000000000000000000000000,1.50
ad_supported,IN,2024-05-01,0.000000000000000000000000,1.59
premium,CA,2024-05-01,0.000000000000000000000000,1.71
premium,AU,2024-05-01,0.000000000000000000000000,1.22
ad_supported,US,2024-05-01,0.000000000000000000000000,1.91
ad_supported,IN,2024-05-01,1.00000000000000000000,7.75
ad_supported,US,2024-05-01,1.00000000000000000000,10.76
ad_supported,GB,2024-05-01,1.00000000000000000000,9.05
premium,CA,2024-05-01,1.00000000000000000000,10.53
basic,US,2024-05-01,1.00000000000000000000,10.56
basic,AU,2024-05-01,1.00000000000000000000,10.93
premium,AU,2024-05-01,1.00000000000000000000,11.26
basic,GB,2024-05-01,1.00000000000000000000,10.52
premium,GB,2024-05-01,1.00000000000000000000,9.05
basic,CA,2024-05-01,1.00000000000000000000,10.49
ad_supported,AU,2024-05-01,1.00000000000000000000,10.80
ad_supported,CA,2024-05-01,1.00000000000000000000,8.42
premium,IN,2024-05-01,1.00000000000000000000,12.08
basic,IN,2024-05-01,1.00000000000000000000,10.31
premium,US,2024-05-01,1.00000000000000000000,7.48
basic,US,2024-05-01,2.0000000000000000,10.39
premium,GB,2024-05-01,2.0000000000000000,9.05
premium,IN,2024-05-01,2.0000000000000000,11.94
ad_supported,IN,2024-05-01,2.0000000000000000,7.55
basic,AU,2024-05-01,2.0000000000000000,10.68
premium,US,2024-05-01,2.0000000000000000,8.59
basic,IN,2024-05-01,2.0000000000000000,8.90
basic,GB,2024-05-01,2.0000000000000000,10.60
premium,AU,2024-05-01,2.0000000000000000,10.31
basic,CA,2024-05-01,2.0000000000000000,10.82
ad_supported,GB,2024-05-01,2.0000000000000000,9.26
ad_supported,AU,2024-05-01,2.0000000000000000,9.39
ad_supported,US,2024-05-01,2.0000000000000000,10.26
ad_supported,CA,2024-05-01,2.0000000000000000,8.92
premium,CA,2024-05-01,2.0000000000000000,10.53
premium,AU,2024-05-01,3.0000000000000000,10.85
ad_supported,IN,2024-05-01,3.0000000000000000,6.16
ad_supported,GB,2024-05-01,3.0000000000000000,7.73
premium,IN,2024-05-01,3.0000000000000000,12.36
basic,AU,2024-05-01,3.0000000000000000,10.68
premium,US,2024-05-01,3.0000000000000000,8.45
ad_supported,US,2024-05-01,3.0000000000000000,9.46
basic,US,2024-05-01,3.0000000000000000,10.39
basic,GB,2024-05-01,3.0000000000000000,10.27
ad_supported,CA,2024-05-01,3.0000000000000000,8.32
ad_supported,AU,2024-05-01,3.0000000000000000,7.61
basic,IN,2024-05-01,3.0000000000000000,8.46
basic,CA,2024-05-01,3.0000000000000000,10.16
premium,CA,2024-05-01,3.0000000000000000,10.53
premium,GB,2024-05-01,3.0000000000000000,9.73
ad_supported,US,2024-05-01,4.0000000000000000,8.35
premium,GB,2024-05-01,4.0000000000000000,10.00
premium,US,2024-05-01,4.0000000000000000,8.45
premium,AU,2024-05-01,4.0000000000000000,11.40
basic,US,2024-05-01,4.0000000000000000,9.87
premium,CA,2024-05-01,4.0000000000000000,10.24
ad_supported,CA,2024-05-01,4.0000000000000000,7.41
basic,AU,2024-05-01,4.0000000000000000,9.59
ad_supported,AU,2024-05-01,4.0000000000000000,6.95
premium,IN,2024-05-01,4.0000000000000000,11.38
ad_supported,IN,2024-05-01,4.0000000000000000,6.26
basic,IN,2024-05-01,4.0000000000000000,8.11
basic,CA,2024-05-01,4.0000000000000000,9.49
basic,GB,2024-05-01,4.0000000000000000,9.11
ad_supported,GB,2024-05-01,4.0000000000000000,6.92
basic,AU,2024-05-01,5.0000000000000000,8.16
ad_supported,IN,2024-05-01,5.0000000000000000,4.87
premium,US,2024-05-01,5.0000000000000000,7.48
ad_supported,CA,2024-05-01,5.0000000000000000,5.61
premium,CA,2024-05-01,5.0000000000000000,8.11
premium,AU,2024-05-01,5.0000000000000000,8.14
ad_supported,US,2024-05-01,5.0000000000000000,8.05
basic,US,2024-05-01,5.0000000000000000,8.58
ad_supported,GB,2024-05-01,5.0000000000000000,5.39
basic,CA,2024-05-01,5.0000000000000000,7.08
basic,GB,2024-05-01,5.0000000000000000,8.37
premium,GB,2024-05-01,5.0000000000000000,8.78
basic,IN,2024-05-01,5.0000000000000000,7.31
premium,IN,2024-05-01,5.0000000000000000,9.83
ad_supported,AU,2024-05-01,5.0000000000000000,6.95
basic,US,2024-05-01,6.0000000000000000,5.32
ad_supported,GB,2024-05-01,6.0000000000000000,4.58
basic,AU,2024-05-01,6.0000000000000000,6.14
premium,GB,2024-05-01,6.0000000000000000,5.95
ad_supported,CA,2024-05-01,6.0000000000000000,3.71
basic,IN,2024-05-01,6.0000000000000000,4.76
ad_supported,US,2024-05-01,6.0000000000000000,4.73
ad_supported,IN,2024-05-01,6.0000000000000000,2.88
premium,IN,2024-05-01,6.0000000000000000,7.16
ad_supported,AU,2024-05-01,6.0000000000000000,4.88
premium,AU,2024-05-01,6.0000000000000000,5.43
basic,CA,2024-05-01,6.0000000000000000,5.00
basic,GB,2024-05-01,6.0000000000000000,5.47
premium,US,2024-05-01,6.0000000000000000,5.96
premium,CA,2024-05-01,6.0000000000000000,6.40
premium,US,2024-05-01,7.0000000000000000,3.60
basic,AU,2024-05-01,7.0000000000000000,3.28
basic,CA,2024-05-01,7.0000000000000000,2.75
premium,GB,2024-05-01,7.0000000000000000,3.24
ad_supported,US,2024-05-01,7.0000000000000000,3.42
basic,GB,2024-05-01,7.0000000000000000,2.98
basic,US,2024-05-01,7.0000000000000000,3.61
basic,IN,2024-05-01,7.0000000000000000,3.17
ad_supported,IN,2024-05-01,7.0000000000000000,1.79
ad_supported,CA,2024-05-01,7.0000000000000000,2.30
ad_supported,GB,2024-05-01,7.0000000000000000,2.85
premium,IN,2024-05-01,7.0000000000000000,4.07
ad_supported,AU,2024-05-01,7.0000000000000000,3.19
premium,CA,2024-05-01,7.0000000000000000,3.27
premium,AU,2024-05-01,7.0000000000000000,2.58
ad_supported,US,2024-05-01,8.0000000000000000,0.60
basic,US,2024-05-01,8.0000000000000000,1.72
ad_supported,CA,2024-05-01,8.0000000000000000,0.90
premium,AU,2024-05-01,8.0000000000000000,0.68
ad_supported,IN,2024-05-01,8.0000000000000000,0.40
basic,GB,2024-05-01,8.0000000000000000,1.33
basic,IN,2024-05-01,8.0000000000000000,1.15
basic,AU,2024-05-01,8.0000000000000000,1.35
basic,CA,2024-05-01,8.0000000000000000,0.92
premium,US,2024-05-01,8.0000000000000000,1.52
premium,IN,2024-05-01,8.0000000000000000,1.97
ad_supported,GB,2024-05-01,8.0000000000000000,0.71
premium,GB,2024-05-01,8.0000000000000000,0.68
premium,CA,2024-05-01,8.0000000000000000,0.85
ad_supported,AU,2024-05-01,8.0000000000000000,0.94
basic,GB,2024-06-01,0.000000000000000000000000,1.21
basic,AU,2024-06-01,0.000000000000000000000000,1.56
premium,IN,2024-06-01,0.000000000000000000000000,1.41
ad_supported,IN,2024-06-01,0.000000000000000000000000,1.21
ad_supported,AU,2024-06-01,0.000000000000000000000000,1.37
premium,US,2024-06-01,0.000000000000000000000000,0.64
ad_supported,CA,2024-06-01,0.000000000000000000000000,0.84
ad_supported,US,2024-06-01,0.000000000000000000000000,1.68
premium,AU,2024-06-01,0.000000000000000000000000,1.64
premium,GB,2024-06-01,0.000000000000000000000000,1.35
basic,US,2024-06-01,0.000000000000000000000000,1.46
premium,CA,2024-06-01,0.000000000000000000000000,1.06
basic,CA,2024-06-01,0.000000000000000000000000,1.44
basic,IN,2024-06-01,0.000000000000000000000000,1.65
ad_supported,GB,2024-06-01,0.000000000000000000000000,2.15
premium,IN,2024-06-01,1.00000000000000000000,6.91
premium,GB,2024-06-01,1.00000000000000000000,7.04
basic,US,2024-06-01,1.00000000000000000000,8.04
ad_supported,GB,2024-06-01,1.00000000000000000000,7.93
basic,GB,2024-06-01,1.00000000000000000000,7.73
premium,US,2024-06-01,1.00000000000000000000,8.43
basic,AU,2024-06-01,1.00000000000000000000,7.96
basic,CA,2024-06-01,1.00000000000000000000,7.30
ad_supported,IN,2024-06-01,1.00000000000000000000,6.35
premium,AU,2024-06-01,1.00000000000000000000,9.14
premium,CA,2024-06-01,1.00000000000000000000,8.75
ad_supported,CA,2024-06-01,1.00000000000000000000,7.34
basic,IN,2024-06-01,1.00000000000000000000,9.06
ad_supported,AU,2024-06-01,1.00000000000000000000,7.83
ad_supported,US,2024-06-01,1.00000000000000000000,8.75
ad_supported,AU,2024-06-01,2.0000000000000000,5.28
premium,GB,2024-06-01,2.0000000000000000,4.74
premium,AU,2024-06-01,2.0000000000000000,6.96
premium,IN,2024-06-01,2.0000000000000000,4.87
ad_supported,IN,2024-06-01,2.0000000000000000,3.73
premium,US,2024-06-01,2.0000000000000000,7.28
basic,IN,2024-06-01,2.0000000000000000,5.85
basic,CA,2024-06-01,2.0000000000000000,6.01
ad_supported,US,2024-06-01,2.0000000000000000,5.48
ad_supported,GB,2024-06-01,2.0000000000000000,5.13
premium,CA,2024-06-01,2.0000000000000000,7.16
basic,GB,2024-06-01,2.0000000000000000,5.23
basic,AU,2024-06-01,2.0000000000000000,4.76
ad_supported,CA,2024-06-01,2.0000000000000000,5.39
basic,US,2024-06-01,2.0000000000000000,6.17
ad_supported,IN,2024-06-01,3.0000000000000000,1.68
premium,AU,2024-06-01,3.0000000000000000,3.82
premium,US,2024-06-01,3.0000000000000000,3.58
ad_supported,US,2024-06-01,3.0000000000000000,3.18
premium,CA,2024-06-01,3.0000000000000000,3.98
premium,IN,2024-06-01,3.0000000000000000,2.94
ad_supported,AU,2024-06-01,3.0000000000000000,2.64
basic,US,2024-06-01,3.0000000000000000,3.74
ad_supported,CA,2024-06-01,3.0000000000000000,2.97
premium,GB,2024-06-01,3.0000000000000000,2.84
basic,CA,2024-06-01,3.0000000000000000,2.97
basic,GB,2024-06-01,3.0000000000000000,2.20
basic,IN,2024-06-01,3.0000000000000000,2.97
basic,AU,2024-06-01,3.0000000000000000,2.97
ad_supported,GB,2024-06-01,3.0000000000000000,2.24
ad_supported,US,2024-06-01,4.0000000000000000,0.88
basic,CA,2024-06-01,4.0000000000000000,0.56
basic,IN,2024-06-01,4.0000000000000000,0.74
ad_supported,IN,2024-06-01,4.0000000000000000,0.19
premium,CA,2024-06-01,4.0000000000000000,1.19
premium,US,2024-06-01,4.0000000000000000,0.89
basic,GB,2024-06-01,4.0000000000000000,0.38
premium,AU,2024-06-01,4.0000000000000000,0.82
ad_supported,GB,2024-06-01,4.0000000000000000,0.47
premium,GB,2024-06-01,4.0000000000000000,0.68
basic,AU,2024-06-01,4.0000000000000000,0.78
ad_supported,CA,2024-06-01,4.0000000000000000,0.09
ad_supported,AU,2024-06-01,4.0000000000000000,0.39
premium,IN,2024-06-01,4.0000000000000000,0.64
basic,US,2024-06-01,4.0000000000000000,0.73
ad_supported,GB,2024-06-01,5.0000000000000000,0.09
